,Date,Time,Message
101,2009-05-14,01:27:56,rpd: %DAEMON-#: bgp_pp_recv:####: NOTIFICATION sent to _IP__PORT (proto): code # (Cease) subcode # (Connection Rejected)
189,2009-05-14,02:39:31,rpd: %DAEMON-#: bgp_pp_recv:####: NOTIFICATION sent to _IP__PORT (proto): code # (Cease) subcode # (Connection Rejected)
292,2009-05-14,03:48:38,rpd: %DAEMON-#: bgp_pp_recv:####: NOTIFICATION sent to _IP__PORT (proto): code # (Cease) subcode # (Connection Rejected)
329,2009-05-14,04:18:15,rpd: %DAEMON-#: bgp_pp_recv:####: NOTIFICATION sent to _IP__PORT (proto): code # (Cease) subcode # (Connection Rejected)
363,2009-05-14,04:40:28,rpd: %DAEMON-#: bgp_pp_recv:####: NOTIFICATION sent to _IP__PORT (proto): code # (Cease) subcode # (Connection Rejected)
428,2009-05-14,05:27:22,rpd: %DAEMON-#: bgp_pp_recv:####: NOTIFICATION sent to _IP__PORT (proto): code # (Cease) subcode # (Connection Rejected)
587,2009-05-14,07:23:23,rpd: %DAEMON-#: bgp_pp_recv:####: NOTIFICATION sent to _IP__PORT (proto): code # (Cease) subcode # (Connection Rejected)
725,2009-05-14,08:57:11,rpd: %DAEMON-#: bgp_pp_recv:####: NOTIFICATION sent to _IP__PORT (proto): code # (Cease) subcode # (Connection Rejected)
778,2009-05-14,09:36:41,rpd: %DAEMON-#: bgp_pp_recv:####: NOTIFICATION sent to _IP__PORT (proto): code # (Cease) subcode # (Connection Rejected)
780,2009-05-14,09:39:09,rpd: %DAEMON-#: bgp_pp_recv:####: NOTIFICATION sent to _IP__PORT (proto): code # (Cease) subcode # (Connection Rejected)
1063,2009-05-14,12:24:32,rpd: %DAEMON-#: bgp_pp_recv:####: NOTIFICATION sent to _IP__PORT (proto): code # (Cease) subcode # (Connection Rejected)
1132,2009-05-14,13:11:26,rpd: %DAEMON-#: bgp_pp_recv:####: NOTIFICATION sent to _IP__PORT (proto): code # (Cease) subcode # (Connection Rejected)
1154,2009-05-14,13:26:15,rpd: %DAEMON-#: bgp_pp_recv:####: NOTIFICATION sent to _IP__PORT (proto): code # (Cease) subcode # (Connection Rejected)
1418,2009-05-14,16:28:54,rpd: %DAEMON-#: bgp_pp_recv:####: NOTIFICATION sent to _IP__PORT (proto): code # (Cease) subcode # (Connection Rejected)
1599,2009-05-14,18:47:08,rpd: %DAEMON-#: bgp_pp_recv:####: NOTIFICATION sent to _IP__PORT (proto): code # (Cease) subcode # (Connection Rejected)
1629,2009-05-14,19:11:50,rpd: %DAEMON-#: bgp_pp_recv:####: NOTIFICATION sent to _IP__PORT (proto): code # (Cease) subcode # (Connection Rejected)
1773,2009-05-14,21:00:26,rpd: %DAEMON-#: bgp_pp_recv:####: NOTIFICATION sent to _IP__PORT (proto): code # (Cease) subcode # (Connection Rejected)
1794,2009-05-14,21:20:11,rpd: %DAEMON-#: bgp_pp_recv:####: NOTIFICATION sent to _IP__PORT (proto): code # (Cease) subcode # (Connection Rejected)
1825,2009-05-14,21:42:24,rpd: %DAEMON-#: bgp_pp_recv:####: NOTIFICATION sent to _IP__PORT (proto): code # (Cease) subcode # (Connection Rejected)
1986,2009-05-14,23:23:36,rpd: %DAEMON-#: bgp_pp_recv:####: NOTIFICATION sent to _IP__PORT (proto): code # (Cease) subcode # (Connection Rejected)
2346,2009-05-15,03:30:26,rpd: %DAEMON-#: bgp_pp_recv:####: NOTIFICATION sent to _IP__PORT (proto): code # (Cease) subcode # (Connection Rejected)
2672,2009-05-15,07:20:00,rpd: %DAEMON-#: bgp_pp_recv:####: NOTIFICATION sent to _IP__PORT (proto): code # (Cease) subcode # (Connection Rejected)
2678,2009-05-15,07:24:56,rpd: %DAEMON-#: bgp_pp_recv:####: NOTIFICATION sent to _IP__PORT (proto): code # (Cease) subcode # (Connection Rejected)
2818,2009-05-15,08:53:48,rpd: %DAEMON-#: bgp_pp_recv:####: NOTIFICATION sent to _IP__PORT (proto): code # (Cease) subcode # (Connection Rejected)
3248,2009-05-15,14:04:49,rpd: %DAEMON-#: bgp_pp_recv:####: NOTIFICATION sent to _IP__PORT (proto): code # (Cease) subcode # (Connection Rejected)
3314,2009-05-15,14:46:47,rpd: %DAEMON-#: bgp_pp_recv:####: NOTIFICATION sent to _IP__PORT (proto): code # (Cease) subcode # (Connection Rejected)
3534,2009-05-15,17:37:06,rpd: %DAEMON-#: bgp_pp_recv:####: NOTIFICATION sent to _IP__PORT (proto): code # (Cease) subcode # (Connection Rejected)
3588,2009-05-15,18:21:32,rpd: %DAEMON-#: bgp_pp_recv:####: NOTIFICATION sent to _IP__PORT (proto): code # (Cease) subcode # (Connection Rejected)
3851,2009-05-15,21:43:57,rpd: %DAEMON-#: bgp_pp_recv:####: NOTIFICATION sent to _IP__PORT (proto): code # (Cease) subcode # (Connection Rejected)
3881,2009-05-15,22:06:10,rpd: %DAEMON-#: bgp_pp_recv:####: NOTIFICATION sent to _IP__PORT (proto): code # (Cease) subcode # (Connection Rejected)
3893,2009-05-15,22:16:02,rpd: %DAEMON-#: bgp_pp_recv:####: NOTIFICATION sent to _IP__PORT (proto): code # (Cease) subcode # (Connection Rejected)
4018,2009-05-15,23:47:22,rpd: %DAEMON-#: bgp_pp_recv:####: NOTIFICATION sent to _IP__PORT (proto): code # (Cease) subcode # (Connection Rejected)
4072,2009-05-16,00:31:48,rpd: %DAEMON-#: bgp_pp_recv:####: NOTIFICATION sent to _IP__PORT (proto): code # (Cease) subcode # (Connection Rejected)
4098,2009-05-16,00:54:01,rpd: %DAEMON-#: bgp_pp_recv:####: NOTIFICATION sent to _IP__PORT (proto): code # (Cease) subcode # (Connection Rejected)
4240,2009-05-16,02:47:34,rpd: %DAEMON-#: bgp_pp_recv:####: NOTIFICATION sent to _IP__PORT (proto): code # (Cease) subcode # (Connection Rejected)
4323,2009-05-16,03:46:48,rpd: %DAEMON-#: bgp_pp_recv:####: NOTIFICATION sent to _IP__PORT (proto): code # (Cease) subcode # (Connection Rejected)
4329,2009-05-16,03:51:44,rpd: %DAEMON-#: bgp_pp_recv:####: NOTIFICATION sent to _IP__PORT (proto): code # (Cease) subcode # (Connection Rejected)
4341,2009-05-16,04:01:37,rpd: %DAEMON-#: bgp_pp_recv:####: NOTIFICATION sent to _IP__PORT (proto): code # (Cease) subcode # (Connection Rejected)
4453,2009-05-16,05:35:25,rpd: %DAEMON-#: bgp_pp_recv:####: NOTIFICATION sent to _IP__PORT (proto): code # (Cease) subcode # (Connection Rejected)
4556,2009-05-16,06:59:20,rpd: %DAEMON-#: bgp_pp_recv:####: NOTIFICATION sent to _IP__PORT (proto): code # (Cease) subcode # (Connection Rejected)
4807,2009-05-16,10:02:00,rpd: %DAEMON-#: bgp_pp_recv:####: NOTIFICATION sent to _IP__PORT (proto): code # (Cease) subcode # (Connection Rejected)
5054,2009-05-16,12:54:47,rpd: %DAEMON-#: bgp_pp_recv:####: NOTIFICATION sent to _IP__PORT (proto): code # (Cease) subcode # (Connection Rejected)
5081,2009-05-16,13:14:32,rpd: %DAEMON-#: bgp_pp_recv:####: NOTIFICATION sent to _IP__PORT (proto): code # (Cease) subcode # (Connection Rejected)
5133,2009-05-16,13:51:34,rpd: %DAEMON-#: bgp_pp_recv:####: NOTIFICATION sent to _IP__PORT (proto): code # (Cease) subcode # (Connection Rejected)
5145,2009-05-16,14:01:26,rpd: %DAEMON-#: bgp_pp_recv:####: NOTIFICATION sent to _IP__PORT (proto): code # (Cease) subcode # (Connection Rejected)
5183,2009-05-16,14:21:11,rpd: %DAEMON-#: bgp_pp_recv:####: NOTIFICATION sent to _IP__PORT (proto): code # (Cease) subcode # (Connection Rejected)
5252,2009-05-16,15:13:01,rpd: %DAEMON-#: bgp_pp_recv:####: NOTIFICATION sent to _IP__PORT (proto): code # (Cease) subcode # (Connection Rejected)
5467,2009-05-16,17:46:04,rpd: %DAEMON-#: bgp_pp_recv:####: NOTIFICATION sent to _IP__PORT (proto): code # (Cease) subcode # (Connection Rejected)
5521,2009-05-16,18:30:30,rpd: %DAEMON-#: bgp_pp_recv:####: NOTIFICATION sent to _IP__PORT (proto): code # (Cease) subcode # (Connection Rejected)
5559,2009-05-16,19:02:35,rpd: %DAEMON-#: bgp_pp_recv:####: NOTIFICATION sent to _IP__PORT (proto): code # (Cease) subcode # (Connection Rejected)
5583,2009-05-16,19:22:20,rpd: %DAEMON-#: bgp_pp_recv:####: NOTIFICATION sent to _IP__PORT (proto): code # (Cease) subcode # (Connection Rejected)
5589,2009-05-16,19:27:16,rpd: %DAEMON-#: bgp_pp_recv:####: NOTIFICATION sent to _IP__PORT (proto): code # (Cease) subcode # (Connection Rejected)
6124,2009-05-17,01:17:48,rpd: %DAEMON-#: bgp_pp_recv:####: NOTIFICATION sent to _IP__PORT (proto): code # (Cease) subcode # (Connection Rejected)
6136,2009-05-17,01:27:40,rpd: %DAEMON-#: bgp_pp_recv:####: NOTIFICATION sent to _IP__PORT (proto): code # (Cease) subcode # (Connection Rejected)
6168,2009-05-17,01:54:49,rpd: %DAEMON-#: bgp_pp_recv:####: NOTIFICATION sent to _IP__PORT (proto): code # (Cease) subcode # (Connection Rejected)
6204,2009-05-17,02:24:27,rpd: %DAEMON-#: bgp_pp_recv:####: NOTIFICATION sent to _IP__PORT (proto): code # (Cease) subcode # (Connection Rejected)
6576,2009-05-17,07:15:43,rpd: %DAEMON-#: bgp_pp_recv:####: NOTIFICATION sent to _IP__PORT (proto): code # (Cease) subcode # (Connection Rejected)
6614,2009-05-17,07:47:48,rpd: %DAEMON-#: bgp_pp_recv:####: NOTIFICATION sent to _IP__PORT (proto): code # (Cease) subcode # (Connection Rejected)
6622,2009-05-17,07:55:12,rpd: %DAEMON-#: bgp_pp_recv:####: NOTIFICATION sent to _IP__PORT (proto): code # (Cease) subcode # (Connection Rejected)
6634,2009-05-17,08:05:05,rpd: %DAEMON-#: bgp_pp_recv:####: NOTIFICATION sent to _IP__PORT (proto): code # (Cease) subcode # (Connection Rejected)
6761,2009-05-17,09:33:57,rpd: %DAEMON-#: bgp_pp_recv:####: NOTIFICATION sent to _IP__PORT (proto): code # (Cease) subcode # (Connection Rejected)
6963,2009-05-17,11:37:22,rpd: %DAEMON-#: bgp_pp_recv:####: NOTIFICATION sent to _IP__PORT (proto): code # (Cease) subcode # (Connection Rejected)
6995,2009-05-17,12:02:03,rpd: %DAEMON-#: bgp_pp_recv:####: NOTIFICATION sent to _IP__PORT (proto): code # (Cease) subcode # (Connection Rejected)
7143,2009-05-17,13:55:36,rpd: %DAEMON-#: bgp_pp_recv:####: NOTIFICATION sent to _IP__PORT (proto): code # (Cease) subcode # (Connection Rejected)
7207,2009-05-17,14:35:05,rpd: %DAEMON-#: bgp_pp_recv:####: NOTIFICATION sent to _IP__PORT (proto): code # (Cease) subcode # (Connection Rejected)
7311,2009-05-17,15:59:01,rpd: %DAEMON-#: bgp_pp_recv:####: NOTIFICATION sent to _IP__PORT (proto): code # (Cease) subcode # (Connection Rejected)
7373,2009-05-17,16:45:55,rpd: %DAEMON-#: bgp_pp_recv:####: NOTIFICATION sent to _IP__PORT (proto): code # (Cease) subcode # (Connection Rejected)
7634,2009-05-17,19:04:11,rpd: %DAEMON-#: bgp_pp_recv:####: NOTIFICATION sent to _IP__PORT (proto): code # (Cease) subcode # (Connection Rejected)
7672,2009-05-17,19:33:48,rpd: %DAEMON-#: bgp_pp_recv:####: NOTIFICATION sent to _IP__PORT (proto): code # (Cease) subcode # (Connection Rejected)
7903,2009-05-17,22:33:59,rpd: %DAEMON-#: bgp_pp_recv:####: NOTIFICATION sent to _IP__PORT (proto): code # (Cease) subcode # (Connection Rejected)
7933,2009-05-17,22:58:40,rpd: %DAEMON-#: bgp_pp_recv:####: NOTIFICATION sent to _IP__PORT (proto): code # (Cease) subcode # (Connection Rejected)
8121,2009-05-18,01:24:19,rpd: %DAEMON-#: bgp_pp_recv:####: NOTIFICATION sent to _IP__PORT (proto): code # (Cease) subcode # (Connection Rejected)
8164,2009-05-18,01:58:52,rpd: %DAEMON-#: bgp_pp_recv:####: NOTIFICATION sent to _IP__PORT (proto): code # (Cease) subcode # (Connection Rejected)
8265,2009-05-18,03:10:27,rpd: %DAEMON-#: bgp_pp_recv:####: NOTIFICATION sent to _IP__PORT (proto): code # (Cease) subcode # (Connection Rejected)
8321,2009-05-18,03:57:21,rpd: %DAEMON-#: bgp_pp_recv:####: NOTIFICATION sent to _IP__PORT (proto): code # (Cease) subcode # (Connection Rejected)
8359,2009-05-18,04:29:26,rpd: %DAEMON-#: bgp_pp_recv:####: NOTIFICATION sent to _IP__PORT (proto): code # (Cease) subcode # (Connection Rejected)
8411,2009-05-18,05:11:24,rpd: %DAEMON-#: bgp_pp_recv:####: NOTIFICATION sent to _IP__PORT (proto): code # (Cease) subcode # (Connection Rejected)
8485,2009-05-18,06:13:07,rpd: %DAEMON-#: bgp_pp_recv:####: NOTIFICATION sent to _IP__PORT (proto): code # (Cease) subcode # (Connection Rejected)
8576,2009-05-18,07:27:10,rpd: %DAEMON-#: bgp_pp_recv:####: NOTIFICATION sent to _IP__PORT (proto): code # (Cease) subcode # (Connection Rejected)
8626,2009-05-18,08:09:07,rpd: %DAEMON-#: bgp_pp_recv:####: NOTIFICATION sent to _IP__PORT (proto): code # (Cease) subcode # (Connection Rejected)
8800,2009-05-18,10:02:40,rpd: %DAEMON-#: bgp_pp_recv:####: NOTIFICATION sent to _IP__PORT (proto): code # (Cease) subcode # (Connection Rejected)
8943,2009-05-18,11:24:08,rpd: %DAEMON-#: bgp_pp_recv:####: NOTIFICATION sent to _IP__PORT (proto): code # (Cease) subcode # (Connection Rejected)
9092,2009-05-18,12:50:31,rpd: %DAEMON-#: bgp_pp_recv:####: NOTIFICATION sent to _IP__PORT (proto): code # (Cease) subcode # (Connection Rejected)
9190,2009-05-18,13:59:38,rpd: %DAEMON-#: bgp_pp_recv:####: NOTIFICATION sent to _IP__PORT (proto): code # (Cease) subcode # (Connection Rejected)
9223,2009-05-18,14:11:59,rpd: %DAEMON-#: bgp_pp_recv:####: NOTIFICATION sent to _IP__PORT (proto): code # (Cease) subcode # (Connection Rejected)
9352,2009-05-18,15:45:47,rpd: %DAEMON-#: bgp_pp_recv:####: NOTIFICATION sent to _IP__PORT (proto): code # (Cease) subcode # (Connection Rejected)
9390,2009-05-18,16:17:52,rpd: %DAEMON-#: bgp_pp_recv:####: NOTIFICATION sent to _IP__PORT (proto): code # (Cease) subcode # (Connection Rejected)
9469,2009-05-18,17:12:10,rpd: %DAEMON-#: bgp_pp_recv:####: NOTIFICATION sent to _IP__PORT (proto): code # (Cease) subcode # (Connection Rejected)
9607,2009-05-18,19:00:47,rpd: %DAEMON-#: bgp_pp_recv:####: NOTIFICATION sent to _IP__PORT (proto): code # (Cease) subcode # (Connection Rejected)
9669,2009-05-18,19:47:41,rpd: %DAEMON-#: bgp_pp_recv:####: NOTIFICATION sent to _IP__PORT (proto): code # (Cease) subcode # (Connection Rejected)
9928,2009-05-18,23:00:13,rpd: %DAEMON-#: bgp_pp_recv:####: NOTIFICATION sent to _IP__PORT (proto): code # (Cease) subcode # (Connection Rejected)
9934,2009-05-18,23:05:09,rpd: %DAEMON-#: bgp_pp_recv:####: NOTIFICATION sent to _IP__PORT (proto): code # (Cease) subcode # (Connection Rejected)
10217,2009-05-19,02:20:10,rpd: %DAEMON-#: bgp_pp_recv:####: NOTIFICATION sent to _IP__PORT (proto): code # (Cease) subcode # (Connection Rejected)
10243,2009-05-19,02:39:54,rpd: %DAEMON-#: bgp_pp_recv:####: NOTIFICATION sent to _IP__PORT (proto): code # (Cease) subcode # (Connection Rejected)
10417,2009-05-19,04:26:03,rpd: %DAEMON-#: bgp_pp_recv:####: NOTIFICATION sent to _IP__PORT (proto): code # (Cease) subcode # (Connection Rejected)
10450,2009-05-19,04:48:16,rpd: %DAEMON-#: bgp_pp_recv:####: NOTIFICATION sent to _IP__PORT (proto): code # (Cease) subcode # (Connection Rejected)
10534,2009-05-19,05:45:02,rpd: %DAEMON-#: bgp_pp_recv:####: NOTIFICATION sent to _IP__PORT (proto): code # (Cease) subcode # (Connection Rejected)
10574,2009-05-19,06:14:39,rpd: %DAEMON-#: bgp_pp_recv:####: NOTIFICATION sent to _IP__PORT (proto): code # (Cease) subcode # (Connection Rejected)
10609,2009-05-19,06:44:17,rpd: %DAEMON-#: bgp_pp_recv:####: NOTIFICATION sent to _IP__PORT (proto): code # (Cease) subcode # (Connection Rejected)
10765,2009-05-19,08:40:17,rpd: %DAEMON-#: bgp_pp_recv:####: NOTIFICATION sent to _IP__PORT (proto): code # (Cease) subcode # (Connection Rejected)
